Handle,Title,Body (HTML),Vendor,Product Category,Type,Tags,Published,Option1 Name,Option1 Value,Variant SKU,Variant Grams,Variant Inventory Tracker,Variant Inventory Qty,Variant Inventory Policy,Variant Fulfillment Service,Variant Price,Variant Requires Shipping,Variant Taxable,Image Src,Image Position,Image Alt Text,Gift Card,Status
silver-fringe-knit-top-cotton-blue-crop-top,Silver fringe knit top & cotton blue crop top,,AMESH,,,,TRUE,Title,Default Title,,0,shopify,1,deny,manual,250.00,TRUE,FALSE,https://ameshstudios.com/wp-content/uploads/2026/08/img_0739-scaled.jpeg,1,Silver fringe knit top & cotton blue crop top,FALSE,active
silver-fringe-knit-top-cotton-blue-crop-top,,,,,,,,,,,,,,,,,,,https://ameshstudios.com/wp-content/uploads/2026/08/img_0737-scaled.jpeg,2,Silver fringe knit top & cotton blue crop top,,
handloom-jacket-orange-knit-cardigan-blue-knit-top,"Handloom jacket, orange knit cardigan, blue knit top",,AMESH,,,,TRUE,Title,Default Title,,0,shopify,1,deny,manual,820.00,TRUE,FALSE,https://ameshstudios.com/wp-content/uploads/2026/08/img_0745-1-scaled.jpeg,1,"Handloom jacket, orange knit cardigan, blue knit top",FALSE,active
handloom-jacket-orange-knit-cardigan-blue-knit-top,,,,,,,,,,,,,,,,,,,https://ameshstudios.com/wp-content/uploads/2026/08/img_0726-1-scaled.jpeg,2,"Handloom jacket, orange knit cardigan, blue knit top",,
handloom-jacket-orange-knit-cardigan-blue-knit-top,,,,,,,,,,,,,,,,,,,https://ameshstudios.com/wp-content/uploads/2026/08/img_0924.jpeg,3,"Handloom jacket, orange knit cardigan, blue knit top",,
handwoven-vest-floral-shirt-lace-shorts,"Handwoven vest, floral shirt & lace shorts",,AMESH,,,,TRUE,Title,Default Title,,0,shopify,1,deny,manual,320.00,TRUE,FALSE,https://ameshstudios.com/wp-content/uploads/2026/08/img_0794-scaled.jpeg,1,"Handwoven vest, floral shirt & lace shorts",FALSE,active
handwoven-vest-floral-shirt-lace-shorts,,,,,,,,,,,,,,,,,,,https://ameshstudios.com/wp-content/uploads/2026/08/img_0791-scaled.jpeg,2,"Handwoven vest, floral shirt & lace shorts",,
handwoven-knit-ruby-jacket,Handwoven knit Ruby Jacket,,AMESH,,,,TRUE,Title,Default Title,,0,shopify,1,deny,manual,150.00,TRUE,FALSE,https://ameshstudios.com/wp-content/uploads/2026/06/she02575-edit-scaled.jpeg,1,Handwoven knit Ruby Jacket,FALSE,active
rose-wood-vest,Rose Wood Knit Vest,"<p>This AMESH Artisanal hand-knitted top is crafted by skilled Sri Lankan home knitter Ranjini using deadstock Norwegian Børstet Alpakka wool blended with silk mohair. This distinctive yarn combines natural fibres with a durable nylon core, creating a brushed, airy texture that is both lightweight and luxuriously soft. Naturally hollow and breathable, the fibre adapts effortlessly to shifting temperatures, offering warmth in cooler climates while remaining comfortable in the heat. Inspired by the island’s pristine skylines, the vest features a delicate interplay of ivory, cobalt blue, and rosewood tones. Thoughtfully designed for versatility, it is finished with a classic V-neckline, ribbed armholes, and a structured waistband that grounds its relaxed silhouette. A one-of-a-kind piece, ideal for layering across seasons.</p>",AMESH,,Knitwear,"Knitwear, One of a kind",TRUE,Title,Default Title,,0,shopify,0,deny,manual,235.00,TRUE,FALSE,https://ameshstudios.com/wp-content/uploads/2026/04/amesh-.-AMESH-Large.webp,1,Rose Wood Knit Vest,FALSE,active
blue-rose-vest,Blue Rose Knit Vest,"<p>This AMESH Artisanal hand-knitted vest is crafted by skilled Sri Lankan home knitter Marie using deadstock Norwegian Børstet Alpakka wool. This distinctive yarn blends soft alpaca fibres with a durable nylon core, resulting in a brushed, airy texture that is both lightweight and luxuriously soft. Naturally hollow and breathable, the fibre adapts effortlessly to shifting temperatures—offering warmth in cooler climates while remaining comfortable in the heat.</p>
<p>Inspired by the island’s panoramic skylines, the vest features a striking interplay of cobalt blue with ivory and rose pink textures. Thoughtfully designed for versatility, it is finished with a classic V neckline, ribbed armholes, and a structured waistband that grounds its relaxed silhouette. A one-of-a-kind piece, ideal for layering across seasons.</p>",AMESH,,Knitwear,"Knitwear, One of a kind",TRUE,Title,Default Title,,0,shopify,0,deny,manual,240.00,TRUE,FALSE,https://ameshstudios.com/wp-content/uploads/2026/04/AMESH-MBFWSL.-Large.webp,1,Blue Rose Knit Vest,FALSE,active
aquamarine-citrine-top,Amethyst Citrine Knit Top,"<p>This AMESH Artisanal hand-knitted top is crafted by skilled Sri Lankan home knitter Vijayani using deadstock Norwegian Børstet Alpakka wool. This distinctive yarn blends soft alpaca fibres with a durable nylon core, creating a brushed, airy texture that feels both lightweight and luxuriously soft. Naturally hollow and breathable, the fibre adapts effortlessly to shifting temperatures providing warmth in cooler climates while remaining comfortable in the heat.</p>
<p>Inspired by the island’s natural minerals, alternating Amethyst and Citrine stripes form a beautiful textured pattern, lending a playful yet considered charm to this one-of-a-kind piece. Thoughtfully designed for versatility, the top features a classic crew neckline, with ribbed armholes and a structured waistband that balance its relaxed silhouette. Ideal for layering across seasons.</p>",AMESH,,Knitwear,"Knitwear, One of a kind",TRUE,Title,Default Title,,0,shopify,0,deny,manual,245.00,TRUE,FALSE,https://ameshstudios.com/wp-content/uploads/2026/04/amesh-.-jpg-Large.webp,1,Amethyst Citrine Knit Top,FALSE,active
amethyst-citrine-top,Aquamarine Citrine Knit Top,"<p>This AMESH Artisanal hand-knitted top is crafted by skilled Sri Lankan home knitter Sunethra using deadstock Norwegian Børstet Alpakka wool. This distinctive yarn blends soft alpaca fibres with a durable nylon core, creating a brushed, airy texture that feels both lightweight and luxuriously soft. Naturally hollow and breathable, the fibre adapts effortlessly to shifting temperatures—offering warmth in cooler climates while remaining comfortable in the heat.</p>
<p>Inspired by the island’s natural minerals, alternating Aquamarine and citrine stripes form a beautiful<span class=""Apple-converted-space"">  </span>textured pattern, lending a playful yet considered charm to this one-of-a-kind piece. Thoughtfully designed for versatility, the top features a classic crew neckline, with ribbed armholes and a structured waistband that balance its relaxed silhouette. Ideal for layering across seasons.</p>",AMESH,,Knitwear,"Knitwear, One of a kind",TRUE,Title,Default Title,,0,shopify,0,deny,manual,245.00,TRUE,FALSE,https://ameshstudios.com/wp-content/uploads/2026/04/AMESH-MFBWSL-Large.webp,1,Aquamarine Citrine Knit Top,FALSE,active
turmeric-blue-cardigan,Turmeric  Blue Knit Cardigan,"<p>This<span class=""Apple-converted-space"">  </span>AMESH Artisanal hand-knitted cardigan is crafted by skilled Sri Lankan home knitter Lalitha, using deadstock Norwegian Børstet Alpakka wool. The unique yarn blends soft alpaca fibres with a durable nylon thread, creating a brushed, airy texture that is both lightweight and luxuriously soft. Naturally hollow and breathable, the fibre adapts effortlessly to changing temperatures, providing warmth in the cold while remaining cool and comfortable in warmer climates. Inspired by the island’s rich natural minerals, a striking fusion of rich turmeric, cobalt blue, and deep burgundy tones brings depth and character to this one-of-a-kind piece. Thoughtfully designed for versatility, the cardigan features a classic front button closure, complemented by ribbed cuffs and a structured waistband for a refined, timeless silhouette.</p>",AMESH,,Knitwear,"Knitwear, One of a kind",TRUE,Title,Default Title,,0,shopify,0,deny,manual,445.00,TRUE,FALSE,https://ameshstudios.com/wp-content/uploads/2026/04/AMESH-MBFW-Large-3.webp,1,Turmeric  Blue Knit Cardigan,FALSE,active
cobalt-blue-top,Cobalt Blue Knit Top,"<p>This AMESH Artisanal hand-knitted top is crafted by skilled Sri Lankan home knitter Ranjini using deadstock Norwegian Børstet Alpakka wool. This distinctive yarn blends soft alpaca fibres with a durable nylon core, creating a brushed, airy texture that feels both lightweight and luxuriously soft. Naturally hollow and breathable, the fibre adapts effortlessly to shifting temperatures, providing warmth in cooler climates while remaining comfortable in the heat.</p>
<p>Inspired by the island’s rich mineral palette, the design features a bold cobalt blue accented with burgundy and jet tonal textures, lending a sense of depth and understated sophistication to this one-of-a-kind piece. Thoughtfully designed for versatility, it is finished with a classic crew neckline, ribbed armholes, and a structured waistband that balances its relaxed silhouette. Ideal for layering across seasons.</p>",AMESH,,Knitwear,"Knitwear, One of a kind",TRUE,Title,Default Title,,0,shopify,0,deny,manual,225.00,TRUE,FALSE,https://ameshstudios.com/wp-content/uploads/2026/04/202200036-Large.webp,1,Cobalt Blue Knit Top,FALSE,active
crochet-pouch-bag-blue,Crochet Pouch Bag Blue,"<p>This crochet bag is crafted using surplus cotton yarns and upcycled materials from our own production process. Each piece features an intricate honeycomb lace pattern, blending multiple colour variations to create a uniquely rich and textured design. Inspired by the vibrant mosaic of Sri Lankan culture, this one-of-a-kind bag is carefully hand-knitted by women-led artisan communities across the island. No two are the same—each bag carries its own story of craftsmanship and circularity.</p>",AMESH,,Accessories,"Accessories, Bags, One of a kind",TRUE,Title,Default Title,,0,shopify,1,deny,manual,75.00,TRUE,FALSE,https://ameshstudios.com/wp-content/uploads/2025/08/bag-06ti.f.-Large.jpeg,1,Crochet Pouch Bag Blue,FALSE,active
crochet-pouch-bag-pink,Crochet Pouch Bag Pink,"<p>This crochet bag is crafted using surplus cotton yarns and upcycled materials from our own production process. Each piece features an intricate honeycomb lace pattern, blending multiple colour variations to create a uniquely rich and textured design. Inspired by the vibrant mosaic of Sri Lankan culture, this one-of-a-kind bag is carefully hand-knitted by women-led artisan communities across the island. No two are the same—each bag carries its own story of craftsmanship and circularity.</p>",AMESH,,Accessories,"Accessories, Bags, One of a kind",TRUE,Title,Default Title,,0,shopify,0,deny,manual,75.00,TRUE,FALSE,https://ameshstudios.com/wp-content/uploads/2025/08/bag-70-Large-1.jpeg,1,Crochet Pouch Bag Pink,FALSE,active
crochet-pouch-bag-moss,Crochet Pouch Bag Moss,"<p>This crochet bag is crafted using surplus cotton yarns and upcycled materials from our own production process. Each piece features an intricate honeycomb lace pattern, blending multiple colour variations to create a uniquely rich and textured design. Inspired by the vibrant mosaic of Sri Lankan culture, this one-of-a-kind bag is carefully hand-knitted by women-led artisan communities across the island. No two are the same—each bag carries its own story of craftsmanship and circularity.</p>",AMESH,,Accessories,"Accessories, Bags, One of a kind",TRUE,Title,Default Title,,0,shopify,0,deny,manual,75.00,TRUE,FALSE,https://ameshstudios.com/wp-content/uploads/2025/08/bag-05-Large-1-e1756193224372.jpeg,1,Crochet Pouch Bag Moss,FALSE,active
crochet-pouch-bag-sky,Crochet Pouch Bag Sky,"<p>This crochet bag is crafted using surplus cotton yarns and upcycled materials from our own production process. Each piece features an intricate honeycomb lace pattern, blending multiple colour variations to create a uniquely rich and textured design. Inspired by the vibrant mosaic of Sri Lankan culture, this one-of-a-kind bag is carefully hand-knitted by women-led artisan communities across the island. No two are the same—each bag carries its own story of craftsmanship and circularity.</p>",AMESH,,Accessories,"Accessories, Bags, One of a kind",TRUE,Title,Default Title,,0,shopify,0,deny,manual,75.00,TRUE,FALSE,https://ameshstudios.com/wp-content/uploads/2025/08/bag-01-Large-3.jpeg,1,Crochet Pouch Bag Sky,FALSE,active
red-fuchsia-knit-sweater,Red Fuchsia Knit Sweater,"<p>This AMESH ARTISANAL hand knitted top is made by skilled home knitter Ashoka in Sri Lanka using deadstock Norwegian yarns. Dreaming of an island escape, the textures are inspired by the Hibiscus flora bursting through the tropical landscapes. Expertly crafted with a pigmented colour palette of Lavender, Sea Blue, Fuchsia and Ruby Red. The delicate hand attached tassels move gently in an organic pattern for a relaxed silhouette.<br />
This one-of-a-kind sweater is made from upcycled woolen yarns in a contemporary cropped boxy fit. A vibrant collectable for an effortless statement.</p>",AMESH,,Knitwear,"Knitwear, One of a kind",TRUE,Title,Default Title,,0,shopify,0,deny,manual,350.00,TRUE,FALSE,https://ameshstudios.com/wp-content/uploads/2025/05/AMESH-front-11-1-1-scaled-e1746152530524.webp,1,Red Fuchsia Knit Sweater,FALSE,active
jewel-knit-rib-top,Jewel Knit Rib Top,"<p>This AMESH ARTISANAL hand knitted top is made by skilled home knitter Ranjini in Sri Lanka using deadstock Norwegian yarns sourced locally. Inspired by the brilliant jewel tones of the island this top features delicate tassels moving in an organic pattern. Expertly crafted using upcycled woolen yarns in Amethyst, Aquamarine, Navy, deep Purple and Green. The rib pattern allows a versatile stretch, creating a flattering shape making it both durable and functional. The unique colour blocking makes it truly a statement collectible.</p>",AMESH,,Knitwear,Knitwear,TRUE,Title,Default Title,,0,shopify,0,deny,manual,230.00,TRUE,FALSE,https://ameshstudios.com/wp-content/uploads/2025/04/Screenshot-2025-04-25-at-18.31.38-1-e1745586367857.png,1,Jewel Knit Rib Top,FALSE,active
indian-ocean-crop-knit-vest,Indian Ocean Crop Top,"<p>The AMESH ARTISANAL hand knit vest is made by skilled home knitter Ashoka in Sri Lanka using deadstock Norwegian yarns sourced locally. Inspired by the ripples of the Indian ocean the cooling colour palette is a versatile little summer crop top. Made using upcycled cotton yarns, this lightweight vest is completed with a simple metallic Purple edging detail all around &#8211; Perfect for a summer&#8217;s day out.</p>",AMESH,,Knitwear,Knitwear,TRUE,Title,Default Title,,0,shopify,1,deny,manual,120.00,TRUE,FALSE,https://ameshstudios.com/wp-content/uploads/2025/04/Screenshot-2025-04-25-at-18.11.49-e1745585382108.png,1,Indian Ocean Crop Top,FALSE,active
antique-gold-crochet-vest,Antique Gold Crochet Vest,"<p>The AMESH ARTISANAL hand crochet vest is made by skilled home knitter Daisy in Sri Lanka using deadstock Norwegian yarns sourced locally. Inspired by temple bells and the diverse cultures of the island, this one-of-a-kind top creates a magical sound in motion. Adorned with hand attached Metallic Golden bells, this vest Is meticulously crafted with a delicate double Crochet cluster stitch pattern. The fine golden yarns glisten under sunlight. Lightweight, breathable and perfect for a special summer&#8217;s day statement.</p>",AMESH,,Knitwear,"Knitwear, One of a kind",TRUE,Title,Default Title,,0,shopify,0,deny,manual,220.00,TRUE,FALSE,https://ameshstudios.com/wp-content/uploads/2025/04/Screenshot-2025-04-25-at-17.32.06-e1745582781543.png,1,Antique Gold Crochet Vest,FALSE,active
colombo-sunset-knit-vest,Colombo Sunset Knit Vest,"<p>The AMESH ARTISANAL hand-knit vest is crafted by skilled home knitter Sunethra in Sri Lanka, using deadstock Norwegian yarns sourced locally. Inspired by nostalgia for home and the evening skyline, shades of red, magenta, orange, and pink blend seamlessly in a dégradé pattern. Made from upcycled cotton yarns, this lightweight vest is finished with a metallic gold edging. A hand-embroidered gold heart motif adds a final touch—a symbol of joy and warmth.</p>",AMESH,,Knitwear,Knitwear,TRUE,Title,Default Title,,0,shopify,1,deny,manual,210.00,TRUE,FALSE,https://ameshstudios.com/wp-content/uploads/2025/04/AMESH-front-6-1-2-1-scaled-e1745580382339.jpeg,1,Colombo Sunset Knit Vest,FALSE,active
rosa-coral-crochet-vest,Rose Coral Crochet Vest,"<p>The AMESH ARTISANAL hand crochet vest is made by skilled home knitter Daisy in Sri Lanka using deadstock Norwegian yarns sourced locally. Inspired by temple bells and the diverse cultures of the island this one-of-a-kind top creates a magical sound in motion. Adorned with hand attached Metallic Golden bells, this vest Is meticulously crafted with a delicate double crochet cluster stitch pattern. The fine Golden yarns glisten under sunlight. Lightweight, breathable and perfect for a special summer&#8217;s day statement.</p>",AMESH,,Knitwear,"Knitwear, One of a kind",TRUE,Title,Default Title,,0,shopify,0,deny,manual,220.00,TRUE,FALSE,https://ameshstudios.com/wp-content/uploads/2025/04/AMESH-front-8-1-1-e1745541039294.png,1,Rose Coral Crochet Vest,FALSE,active
powder-blue-bamboo-knit-top,Powder Blue Bamboo Knit Top,"<p>The AMESH ARTISANAL hand-knitted top is made by skilled home knitter Vijayani using deadstock Norwegian yarns sourced locally. Echoing textures of the coastal landscapes of Sri Lanka, this unique variation is a one-of-a-kind versatile piece. Masterfully crafted using fluffy light lightweight upcycled wool, this piece is both durable and functional. Featuring a three-tone colour gradient, the soft colouring makes it perfect for a relaxed or dressed-up occasion.</p>",AMESH,,Knitwear,"Knitwear, One of a kind",TRUE,Title,Default Title,,0,shopify,0,deny,manual,200.00,TRUE,FALSE,https://ameshstudios.com/wp-content/uploads/2025/04/AMESH-front-4-1-min-1-e1745540095457.png,1,Powder Blue Bamboo Knit Top,FALSE,active
powder-blue-bamboo-knit-top,,,,,,,,,,,,,,,,,,,https://ameshstudios.com/wp-content/uploads/2025/04/BACK-4-1.png,2,Powder Blue Bamboo Knit Top,,
palm-leaf-knit-sweater,Palm Leaf Knit Sweater,"<p>This AMESH ARTISANAL hand knitted sweater is made by skilled home knitter Ashoka in Sri Lanka using deadstock Norwegian yarns. Dreaming of an island escape this sweater is inspired by the coconut palm hills and its surrounding landscapes. The<br />
one-of-a-kind sweaters are beautifully crafted with an energising colour palette of fresh Green, Orange and Sky Blue. Featuring delicate tassels hand attached, move loosely in an organic pattern for a whimsical silhouette. A vibrant collectable for an effortless statement.</p>",AMESH,,Knitwear,"Knitwear, One of a kind",TRUE,Title,Default Title,,0,shopify,0,deny,manual,300.00,TRUE,FALSE,https://ameshstudios.com/wp-content/uploads/2025/04/AMESH-front-10-1-1.png,1,Palm Leaf Knit Sweater,FALSE,active
coral-blue-knit-sweater,Coral Blue Knit Sweater,"<p>This AMESH ARTISANAL hand knitted sweater is made by skilled home knitter Ashoka in Sri Lanka using deadstock Norwegian yarns sourced locally. This bold statement piece has beautiful movement with delicate hand embroidery fringing details and metallic yarns cascading throughout the silhouette. Concisely crafted from upcycled yarns with a rib knit intarsia pattern, allowing stretch for both functionality and durability.<br />
The unique colour blocking in Sea Blue, Turquoise, Coral and Jet makes it a-one-of-a-kind collectable.</p>",AMESH,,Knitwear,"Knitwear, One of a kind",TRUE,Title,Default Title,,0,shopify,0,deny,manual,420.00,TRUE,FALSE,https://ameshstudios.com/wp-content/uploads/2025/04/Screenshot-2025-04-25-at-21.56.38-e1745599200568.png,1,Coral Blue Knit Sweater,FALSE,active
ruby-red-knit-cardigan,Ruby Red Knit Cardigan,"<p>This AMESH ARTISANAL hand knitted cardigan is made by skilled home knitter Ranjini in Sri Lanka using deadstock Norwegian yarns sourced locally. A striking Ruby Red is set against a beautiful Indigo Blue panel making a bold visual impact. Inspired by the Bird of Paradise flora, this one-of-a-kind piece is a lightweight versatile cardigan that truly makes a statement. Featuring a deep V neckline button placket, ideal for layering throughout the seasons. Meticulously crafted in a fine wool blend, makes it both durable and functional.</p>",AMESH,,Knitwear,"Knitwear, One of a kind",TRUE,Title,Default Title,,0,shopify,0,deny,manual,450.00,TRUE,FALSE,https://ameshstudios.com/wp-content/uploads/2025/04/AMESH-front-7-1-e1747807596394.webp,1,Ruby Red Knit Cardigan,FALSE,active
lemon-puff-knit-vest-april-2024,Lemon Puff Knit Vest,"<p>This AMESH ARTISANAL hand knitted top is made by skilled home knitter Marie in Sri Lanka using deadstock Norwegian yarns sourced locally. Nostalgic of childhood sweets this one-of-a-kind vest is a lightweight versatile top perfect for layering throughout the seasons.<br />
Featuring a playful Lemon Yellow and Powder Pink palette, this vest is crafted using fluffy upcycled woolen yarns. Perfect for a relaxed or dress up silhouette.</p>",AMESH,,Knitwear,"Knitwear, One of a kind",TRUE,Title,Default Title,,0,shopify,0,deny,manual,200.00,TRUE,FALSE,https://ameshstudios.com/wp-content/uploads/2025/04/FRONT-3-1-scaled-e1745597973539.webp,1,Lemon Puff Knit Vest,FALSE,active
lilac-petrol-knit-top,Lilac Petrol Knit Top,"<p>This AMESH ARTISANAL hand knitted top is made by skilled home knitter Lalitha in Sri Lanka using deadstock Norwegian yarns sourced locally. Inspired by the luminescent lilies of the lotus pond, this one-of-a-kind piece is a versatile top with delicate tassels moving in an organic pattern. Expertly crafted from soft, lightweight upcycled wool, this piece is both durable and functional. It’s unique colouring makes it perfect for both relaxed and dressed-up occasions.</p>",AMESH,,Knitwear,"Knitwear, One of a kind",TRUE,Title,Default Title,,0,shopify,0,deny,manual,250.00,TRUE,FALSE,https://ameshstudios.com/wp-content/uploads/2025/04/AMESH-FRONT-2-Large.jpeg,1,Lilac Petrol Knit Top,FALSE,active
cream-faluda-knit-vest-2022,Cream Faluda Knit Vest,"<p>This AMESH ARTISANAL hand knitted top is made by skilled home knitter Marie in Sri Lanka using deadstock Norwegian yarns. Nostalgic of a local sweet delicacy, this one-of-a-kind playful vest is a contemporary take on a wardrobe classic. Beautifully crafted from upcycled woolen yarns in Ivory and tonal Pink contrast stripes. Featuring a V neckline and ribbed trims with delicate metallic yarns. A versatile piece perfect for layering throughout the seasons.</p>",AMESH,,Knitwear,"Knitwear, One of a kind",TRUE,Title,Default Title,,0,shopify,1,deny,manual,230.00,TRUE,FALSE,https://ameshstudios.com/wp-content/uploads/2024/07/AMESH-front-Large-1-e1745252677455.webp,1,Cream Faluda Knit Vest,FALSE,active
